Ville,Activit√©,URL,Email
Bordeaux,Immobilier,https://www.alpierreimmobilier.fr/,contact@alpierreimmobilier.fr
Bordeaux,Immobilier,https://www.fnaim.fr/immobilier/15646/46-bordeaux-33000.htm,communication@fnaim.fr
Bordeaux,Immobilier,https://www.fnaim.fr/immobilier/15646/46-bordeaux-33000.htm,qualite@fnaim.fr
Bordeaux,Immobilier,https://www.fnaim.fr/immobilier/15646/46-bordeaux-33000.htm,galivel@galivel.com
Bordeaux,Immobilier,https://www.fnaim.fr/immobilier/15646/46-bordeaux-33000.htm,galivel@galivel.comSERVICE
Bordeaux,Immobilier,https://www.fnaim.fr/immobilier/15646/46-bordeaux-33000.htm,support@fnaim.fr
Bordeaux,Immobilier,https://www.fnaim.fr/immobilier/15646/46-bordeaux-33000.htm,FNAIMcommunication@fnaim.fr
Bordeaux,Immobilier,https://www.immobilier.notaires.fr/fr/annonces-immobilieres/vente/appartement/bordeaux-33,serviceclient@adnov.fr
Bordeaux,Immobilier,https://www.bordelaisedelimmobilier.fr/,rgpd@la-boite-immo.com
Bordeaux,Immobilier,https://www.bordelaisedelimmobilier.fr/,contact@bordelaisedelimmobilier.fr
Bordeaux,Immobilier,https://www.bordelaisedelimmobilier.fr/,contact@la-boite-immo.com
Bordeaux,Immobilier,https://www.bordelaisedelimmobilier.fr/,contact@la-boite-immo.comH
Bordeaux,Immobilier,https://www.barokel-immobilier.fr/,agence@barokel-immobilier.fr
Bordeaux,Immobilier,https://www.barokel-immobilier.fr/,francisbarokel@barokelimmobilier.fr
